proxy,severity,rho_pixel,rho_1km,p_1km,n_blocks
Landsat 045 2013-14→2023 (headline),dnbr,-0.0505,-0.1033,0.0621,327
Landsat 045 2013-14→2023 (headline),rdnbr,0.0444,0.0082,0.8821,327
Landsat multi-path 2013-14→2023,dnbr,-0.0934,-0.1825,0.0009,327
Landsat multi-path 2013-14→2023,rdnbr,-0.0005,-0.0839,0.13,327
Landsat 2013-14→2017,dnbr,-0.0883,-0.1246,0.0265,317
Landsat 2013-14→2017,rdnbr,-0.0215,-0.0576,0.3064,317
Landsat 2017→2023,dnbr,0.0037,-0.0622,0.2693,317
Landsat 2017→2023,rdnbr,0.0287,-0.012,0.8314,317
S2 2017→2023,dnbr,0.1218,0.206,0.0002,327
S2 2017→2023,rdnbr,0.1732,0.282,0.0,327
