mort_dec,mort,dnbr_0.25,dnbr_0.5,dnbr_0.75,rdnbr_0.25,rdnbr_0.5,rdnbr_0.75
0,-0.0562,0.2994,0.5154,0.6878,0.5047,0.8441,1.0416
1,-0.0161,0.3732,0.5338,0.6974,0.6414,0.8795,1.0591
2,0.0061,0.4128,0.5453,0.683,0.6994,0.8946,1.0545
3,0.0226,0.4337,0.5486,0.6698,0.7305,0.9033,1.0518
4,0.0367,0.4362,0.5425,0.6597,0.742,0.9059,1.0541
5,0.0503,0.4304,0.5339,0.6502,0.7395,0.9018,1.0503
6,0.0659,0.4222,0.5283,0.6526,0.7361,0.8981,1.0496
7,0.0858,0.4247,0.5336,0.6612,0.7457,0.906,1.0637
8,0.1122,0.415,0.5219,0.6487,0.7489,0.903,1.0703
9,0.1517,0.3352,0.4488,0.5817,0.6595,0.8367,1.0291
