zone,month,ndvi_median,pixels,ratio_to_pre,dndvi_vs_control
Unburned,2023 pre-fire,0.4788,22427,1.0,0.0
Unburned,2025-06,0.4111,22427,0.8585,-0.1203
Unburned,2025-07,0.4854,22427,1.0138,-0.0858
Unburned,2025-08,0.5154,22427,1.0763,-0.0564
Unburned,2025-09,0.4455,22427,0.9305,-0.002
Unburned,2026-07,0.5157,22427,1.077,-0.0445
Unburned,2026-08,0.5013,22427,1.047,-0.06
Unburned,2026-09,0.4827,22427,1.008,-0.0812
Low,2023 pre-fire,0.5467,63113,1.0,0.0
Low,2025-06,0.3387,63113,0.6195,-0.2606
Low,2025-07,0.4379,63113,0.8009,-0.2012
Low,2025-08,0.4941,63113,0.9037,-0.1456
Low,2025-09,0.429,63113,0.7848,-0.0863
Low,2026-07,0.5208,63113,0.9527,-0.1072
Low,2026-08,0.4994,63113,0.9135,-0.1298
Low,2026-09,0.4662,63113,0.8528,-0.1656
Moderate-low,2023 pre-fire,0.5735,166436,1.0,0.0
Moderate-low,2025-06,0.2475,166436,0.4316,-0.3786
Moderate-low,2025-07,0.338,166436,0.5895,-0.3278
Moderate-low,2025-08,0.4222,166436,0.7363,-0.2442
Moderate-low,2025-09,0.3818,166436,0.6658,-0.1603
Moderate-low,2026-07,0.4698,166436,0.8192,-0.185
Moderate-low,2026-08,0.4441,166436,0.7744,-0.2119
Moderate-low,2026-09,0.4258,166436,0.7426,-0.2327
Moderate-high,2023 pre-fire,0.5923,339011,1.0,0.0
Moderate-high,2025-06,0.2067,339011,0.3489,-0.4382
Moderate-high,2025-07,0.2711,339011,0.4577,-0.4136
Moderate-high,2025-08,0.3738,339011,0.631,-0.3115
Moderate-high,2025-09,0.3455,339011,0.5833,-0.2155
Moderate-high,2026-07,0.4304,339011,0.7266,-0.2433
Moderate-high,2026-08,0.4047,339011,0.6832,-0.2702
Moderate-high,2026-09,0.4083,339011,0.6893,-0.2691
High,2023 pre-fire,0.6258,195567,1.0,0.0
High,2025-06,0.1814,195567,0.2898,-0.497
High,2025-07,0.2122,195567,0.3391,-0.506
High,2025-08,0.284,195567,0.4537,-0.4348
High,2025-09,0.2531,195567,0.4044,-0.3414
High,2026-07,0.3874,195567,0.6191,-0.3197
High,2026-08,0.3835,195567,0.6128,-0.3248
High,2026-09,0.4062,195567,0.649,-0.3047
"Control (2 km ring, unburned)",2023 pre-fire,0.5898,547694,1.0,0.0
"Control (2 km ring, unburned)",2025-06,0.6424,547694,1.0891,0.0
"Control (2 km ring, unburned)",2025-07,0.6822,547694,1.1566,0.0
"Control (2 km ring, unburned)",2025-08,0.6828,547694,1.1576,0.0
"Control (2 km ring, unburned)",2025-09,0.5585,547694,0.9469,0.0
"Control (2 km ring, unburned)",2026-07,0.6711,547694,1.1379,0.0
"Control (2 km ring, unburned)",2026-08,0.6723,547694,1.1399,0.0
"Control (2 km ring, unburned)",2026-09,0.6749,547694,1.1442,0.0
